-- ============================================================
--  Alwa Sales — 1 month of sample data
--  Run once in Supabase SQL Editor. Targets YOUR shop (by email).
--  Change the email on the marked line if needed.
-- ============================================================
do $$
declare
  v_shop uuid;
  p1 uuid := gen_random_uuid();
  p2 uuid := gen_random_uuid();
  p3 uuid := gen_random_uuid();
  p4 uuid := gen_random_uuid();
  p5 uuid := gen_random_uuid();
  p6 uuid := gen_random_uuid();
  p7 uuid := gen_random_uuid();
  p8 uuid := gen_random_uuid();
  p9 uuid := gen_random_uuid();
  c1 uuid := gen_random_uuid();
  c2 uuid := gen_random_uuid();
  c3 uuid := gen_random_uuid();
  c4 uuid := gen_random_uuid();
begin
  select shop_id into v_shop from public.profiles pr
    join auth.users u on u.id = pr.id
    where u.email = 'alwak@alphavima.com' limit 1;   -- <-- your login email
  if v_shop is null then raise exception 'No shop found for that email'; end if;

  -- OPTIONAL: start clean — uncomment these 4 lines to wipe this shop's existing
  -- products/customers/invoices/purchases before loading the sample month.
  -- delete from public.invoices  where shop_id = v_shop;
  -- delete from public.purchases where shop_id = v_shop;
  -- delete from public.products  where shop_id = v_shop;
  -- delete from public.customers where shop_id = v_shop;

  update public.shops set name='Alwa Sales', address='Main Road, Durg', pin='491001',
    gstin='22ABCDE1234F1Z5', state='Chhattisgarh', phone='0788-222 3344', invoice_prefix='INV-'
    where id=v_shop;

  insert into public.products (id, shop_id, name, hsn, unit, price, gst, stock, low, cost) values
    (p1, v_shop, 'Copper Wire 1.5mm','8544','roll',850,18,120,8,610),
    (p2, v_shop, 'Copper Wire 2.5mm','8544','roll',1320,18,90,8,980),
    (p3, v_shop, 'Modular Switch 6A','8536','pcs',45,18,800,25,28),
    (p4, v_shop, 'LED Bulb 9W','8539','pcs',75,12,600,20,48),
    (p5, v_shop, 'MCB 16A Single Pole','8536','pcs',180,18,200,10,120),
    (p6, v_shop, 'PVC Conduit Pipe 25mm','3917','pcs',60,18,500,15,38),
    (p7, v_shop, 'Ceiling Fan 1200mm','8414','pcs',1650,18,70,4,1180),
    (p8, v_shop, 'Extension Board 4-way','8536','pcs',320,18,150,6,210),
    (p9, v_shop, 'Door Bell','8531','pcs',145,18,120,5,95);

  insert into public.customers (id, shop_id, name, phone, gstin, state, address) values
    (c1, v_shop, 'Bhilai Construction Co','9826055667','22CDEFG3456H1Z7','Chhattisgarh','Sector 6, Bhilai'),
    (c2, v_shop, 'Sharma Electricals','9820011223','27ABCDE1234F1Z5','Maharashtra','Shop 4, MIDC Road, Pune'),
    (c3, v_shop, 'Gupta Hardware','9011223344','','Chhattisgarh','Main Market, Durg'),
    (c4, v_shop, 'Ramesh Kumar','9098765432','','Chhattisgarh','Lane 3, Civil Lines');

  insert into public.purchases (shop_id, date, product_id, product_name, qty, cost, supplier, note) values
    (v_shop, current_date - 28, p1, 'Copper Wire 1.5mm', 40, 610, 'Polycab Distributor', ''),
    (v_shop, current_date - 20, p4, 'LED Bulb 9W', 200, 48, 'Wipro Lighting', 'festival stock'),
    (v_shop, current_date - 10, p7, 'Ceiling Fan 1200mm', 20, 1180, 'Crompton', '');

  insert into public.invoices (shop_id, no, date, customer_id, customer_name, customer_gstin, customer_state, customer_phone, customer_address, items, inter_state, no_tax, taxable, cgst, sgst, igst, round, total, pay_mode, paid, payments) values
    (v_shop, 'INV-0001', current_date - 29, c2, 'Sharma Electricals','27ABCDE1234F1Z5','Maharashtra','9820011223','Shop 4, MIDC Road, Pune', ('[{"productId": "'||p3::text||'", "name": "Modular Switch 6A", "hsn": "8536", "price": 45, "gst": 18, "qty": 15, "disc": 10, "taxable": 607.5, "gstAmt": 109.35, "amount": 716.85}, {"productId": "'||p2::text||'", "name": "Copper Wire 2.5mm", "hsn": "8544", "price": 1320, "gst": 18, "qty": 2, "disc": 0, "taxable": 2640.0, "gstAmt": 475.2, "amount": 3115.2}, {"productId": "'||p9::text||'", "name": "Door Bell", "hsn": "8531", "price": 145, "gst": 18, "qty": 3, "disc": 10, "taxable": 391.5, "gstAmt": 70.47, "amount": 461.97}, {"productId": "'||p5::text||'", "name": "MCB 16A Single Pole", "hsn": "8536", "price": 180, "gst": 18, "qty": 4, "disc": 0, "taxable": 720.0, "gstAmt": 129.6, "amount": 849.6}]')::jsonb, true, false, 4359.0,0.0,0.0,784.62,0.38,5144.0, 'Cash', 5144.0, ('[{"date": "'||(current_date - 29)::text||'", "amount": 5144.0, "mode": "Cash"}]')::jsonb),
    (v_shop, 'INV-0002', current_date - 28, null, 'Walk-in Customer','','Chhattisgarh','','', ('[{"productId": "'||p3::text||'", "name": "Modular Switch 6A", "hsn": "8536", "price": 45, "gst": 18, "qty": 20, "disc": 0, "taxable": 900.0, "gstAmt": 162.0, "amount": 1062.0}, {"productId": "'||p5::text||'", "name": "MCB 16A Single Pole", "hsn": "8536", "price": 180, "gst": 18, "qty": 4, "disc": 0, "taxable": 720.0, "gstAmt": 129.6, "amount": 849.6}, {"productId": "'||p4::text||'", "name": "LED Bulb 9W", "hsn": "8539", "price": 75, "gst": 12, "qty": 6, "disc": 0, "taxable": 450.0, "gstAmt": 54.0, "amount": 504.0}, {"productId": "'||p8::text||'", "name": "Extension Board 4-way", "hsn": "8536", "price": 320, "gst": 18, "qty": 6, "disc": 5, "taxable": 1824.0, "gstAmt": 328.32, "amount": 2152.32}]')::jsonb, false, false, 3894.0,336.96,336.96,0.0,0.08,4568.0, 'Credit', 0.0, ('[]')::jsonb),
    (v_shop, 'INV-0003', current_date - 26, c1, 'Bhilai Construction Co','22CDEFG3456H1Z7','Chhattisgarh','9826055667','Sector 6, Bhilai', ('[{"productId": "'||p9::text||'", "name": "Door Bell", "hsn": "8531", "price": 145, "gst": 18, "qty": 5, "disc": 0, "taxable": 725.0, "gstAmt": 130.5, "amount": 855.5}, {"productId": "'||p5::text||'", "name": "MCB 16A Single Pole", "hsn": "8536", "price": 180, "gst": 18, "qty": 5, "disc": 10, "taxable": 810.0, "gstAmt": 145.8, "amount": 955.8}, {"productId": "'||p6::text||'", "name": "PVC Conduit Pipe 25mm", "hsn": "3917", "price": 60, "gst": 18, "qty": 8, "disc": 5, "taxable": 456.0, "gstAmt": 82.08, "amount": 538.08}]')::jsonb, false, false, 1991.0,179.19,179.19,0.0,-0.38,2349.0, 'Cash', 2349.0, ('[{"date": "'||(current_date - 26)::text||'", "amount": 2349.0, "mode": "Cash"}]')::jsonb),
    (v_shop, 'INV-0004', current_date - 25, c1, 'Bhilai Construction Co','22CDEFG3456H1Z7','Chhattisgarh','9826055667','Sector 6, Bhilai', ('[{"productId": "'||p4::text||'", "name": "LED Bulb 9W", "hsn": "8539", "price": 75, "gst": 12, "qty": 10, "disc": 0, "taxable": 750.0, "gstAmt": 90.0, "amount": 840.0}, {"productId": "'||p5::text||'", "name": "MCB 16A Single Pole", "hsn": "8536", "price": 180, "gst": 18, "qty": 6, "disc": 5, "taxable": 1026.0, "gstAmt": 184.68, "amount": 1210.68}, {"productId": "'||p1::text||'", "name": "Copper Wire 1.5mm", "hsn": "8544", "price": 850, "gst": 18, "qty": 1, "disc": 0, "taxable": 850.0, "gstAmt": 153.0, "amount": 1003.0}, {"productId": "'||p6::text||'", "name": "PVC Conduit Pipe 25mm", "hsn": "3917", "price": 60, "gst": 18, "qty": 10, "disc": 0, "taxable": 600.0, "gstAmt": 108.0, "amount": 708.0}]')::jsonb, false, false, 3226.0,267.84,267.84,0.0,0.32,3762.0, 'UPI', 3762.0, ('[{"date": "'||(current_date - 25)::text||'", "amount": 3762.0, "mode": "UPI"}]')::jsonb),
    (v_shop, 'INV-0005', current_date - 24, c2, 'Sharma Electricals','27ABCDE1234F1Z5','Maharashtra','9820011223','Shop 4, MIDC Road, Pune', ('[{"productId": "'||p1::text||'", "name": "Copper Wire 1.5mm", "hsn": "8544", "price": 850, "gst": 18, "qty": 3, "disc": 10, "taxable": 2295.0, "gstAmt": 413.1, "amount": 2708.1}, {"productId": "'||p3::text||'", "name": "Modular Switch 6A", "hsn": "8536", "price": 45, "gst": 18, "qty": 20, "disc": 10, "taxable": 810.0, "gstAmt": 145.8, "amount": 955.8}, {"productId": "'||p6::text||'", "name": "PVC Conduit Pipe 25mm", "hsn": "3917", "price": 60, "gst": 18, "qty": 20, "disc": 0, "taxable": 1200.0, "gstAmt": 216.0, "amount": 1416.0}, {"productId": "'||p8::text||'", "name": "Extension Board 4-way", "hsn": "8536", "price": 320, "gst": 18, "qty": 4, "disc": 0, "taxable": 1280.0, "gstAmt": 230.4, "amount": 1510.4}]')::jsonb, true, false, 5585.0,0.0,0.0,1005.3,-0.3,6590.0, 'Cash', 6590.0, ('[{"date": "'||(current_date - 24)::text||'", "amount": 6590.0, "mode": "Cash"}]')::jsonb),
    (v_shop, 'INV-0006', current_date - 24, c1, 'Bhilai Construction Co','22CDEFG3456H1Z7','Chhattisgarh','9826055667','Sector 6, Bhilai', ('[{"productId": "'||p4::text||'", "name": "LED Bulb 9W", "hsn": "8539", "price": 75, "gst": 12, "qty": 8, "disc": 0, "taxable": 600.0, "gstAmt": 72.0, "amount": 672.0}, {"productId": "'||p9::text||'", "name": "Door Bell", "hsn": "8531", "price": 145, "gst": 18, "qty": 3, "disc": 0, "taxable": 435.0, "gstAmt": 78.3, "amount": 513.3}, {"productId": "'||p7::text||'", "name": "Ceiling Fan 1200mm", "hsn": "8414", "price": 1650, "gst": 18, "qty": 1, "disc": 10, "taxable": 1485.0, "gstAmt": 267.3, "amount": 1752.3}, {"productId": "'||p8::text||'", "name": "Extension Board 4-way", "hsn": "8536", "price": 320, "gst": 18, "qty": 3, "disc": 0, "taxable": 960.0, "gstAmt": 172.8, "amount": 1132.8}]')::jsonb, false, false, 3480.0,295.2,295.2,0.0,-0.4,4070.0, 'UPI', 4070.0, ('[{"date": "'||(current_date - 24)::text||'", "amount": 4070.0, "mode": "UPI"}]')::jsonb),
    (v_shop, 'INV-0007', current_date - 24, c1, 'Bhilai Construction Co','22CDEFG3456H1Z7','Chhattisgarh','9826055667','Sector 6, Bhilai', ('[{"productId": "'||p6::text||'", "name": "PVC Conduit Pipe 25mm", "hsn": "3917", "price": 60, "gst": 18, "qty": 20, "disc": 5, "taxable": 1140.0, "gstAmt": 205.2, "amount": 1345.2}, {"productId": "'||p7::text||'", "name": "Ceiling Fan 1200mm", "hsn": "8414", "price": 1650, "gst": 18, "qty": 2, "disc": 0, "taxable": 3300.0, "gstAmt": 594.0, "amount": 3894.0}, {"productId": "'||p9::text||'", "name": "Door Bell", "hsn": "8531", "price": 145, "gst": 18, "qty": 2, "disc": 0, "taxable": 290.0, "gstAmt": 52.2, "amount": 342.2}]')::jsonb, false, false, 4730.0,425.7,425.7,0.0,-0.4,5581.0, 'Cash', 5581.0, ('[{"date": "'||(current_date - 24)::text||'", "amount": 5581.0, "mode": "Cash"}]')::jsonb),
    (v_shop, 'INV-0008', current_date - 24, c3, 'Gupta Hardware','','Chhattisgarh','9011223344','Main Market, Durg', ('[{"productId": "'||p2::text||'", "name": "Copper Wire 2.5mm", "hsn": "8544", "price": 1320, "gst": 18, "qty": 3, "disc": 0, "taxable": 3960.0, "gstAmt": 712.8, "amount": 4672.8}]')::jsonb, false, false, 3960.0,356.4,356.4,0.0,0.2,4673.0, 'UPI', 4673.0, ('[{"date": "'||(current_date - 24)::text||'", "amount": 4673.0, "mode": "UPI"}]')::jsonb),
    (v_shop, 'INV-0009', current_date - 22, null, 'Walk-in Customer','','Chhattisgarh','','', ('[{"productId": "'||p2::text||'", "name": "Copper Wire 2.5mm", "hsn": "8544", "price": 1320, "gst": 18, "qty": 3, "disc": 5, "taxable": 3762.0, "gstAmt": 677.16, "amount": 4439.16}, {"productId": "'||p6::text||'", "name": "PVC Conduit Pipe 25mm", "hsn": "3917", "price": 60, "gst": 18, "qty": 15, "disc": 0, "taxable": 900.0, "gstAmt": 162.0, "amount": 1062.0}]')::jsonb, false, false, 4662.0,419.58,419.58,0.0,-0.16,5501.0, 'Cash', 5501.0, ('[{"date": "'||(current_date - 22)::text||'", "amount": 5501.0, "mode": "Cash"}]')::jsonb),
    (v_shop, 'INV-0010', current_date - 21, c3, 'Gupta Hardware','','Chhattisgarh','9011223344','Main Market, Durg', ('[{"productId": "'||p7::text||'", "name": "Ceiling Fan 1200mm", "hsn": "8414", "price": 1650, "gst": 18, "qty": 1, "disc": 0, "taxable": 1650.0, "gstAmt": 297.0, "amount": 1947.0}, {"productId": "'||p3::text||'", "name": "Modular Switch 6A", "hsn": "8536", "price": 45, "gst": 18, "qty": 8, "disc": 0, "taxable": 360.0, "gstAmt": 64.8, "amount": 424.8}]')::jsonb, false, false, 2010.0,180.9,180.9,0.0,0.2,2372.0, 'UPI', 2372.0, ('[{"date": "'||(current_date - 21)::text||'", "amount": 2372.0, "mode": "UPI"}]')::jsonb),
    (v_shop, 'INV-0011', current_date - 20, c1, 'Bhilai Construction Co','22CDEFG3456H1Z7','Chhattisgarh','9826055667','Sector 6, Bhilai', ('[{"productId": "'||p7::text||'", "name": "Ceiling Fan 1200mm", "hsn": "8414", "price": 1650, "gst": 18, "qty": 2, "disc": 0, "taxable": 3300.0, "gstAmt": 594.0, "amount": 3894.0}]')::jsonb, false, false, 3300.0,297.0,297.0,0.0,0.0,3894.0, 'Cash', 3894.0, ('[{"date": "'||(current_date - 20)::text||'", "amount": 3894.0, "mode": "Cash"}]')::jsonb),
    (v_shop, 'INV-0012', current_date - 20, c2, 'Sharma Electricals','27ABCDE1234F1Z5','Maharashtra','9820011223','Shop 4, MIDC Road, Pune', ('[{"productId": "'||p3::text||'", "name": "Modular Switch 6A", "hsn": "8536", "price": 45, "gst": 18, "qty": 15, "disc": 0, "taxable": 675.0, "gstAmt": 121.5, "amount": 796.5}, {"productId": "'||p8::text||'", "name": "Extension Board 4-way", "hsn": "8536", "price": 320, "gst": 18, "qty": 6, "disc": 0, "taxable": 1920.0, "gstAmt": 345.6, "amount": 2265.6}, {"productId": "'||p5::text||'", "name": "MCB 16A Single Pole", "hsn": "8536", "price": 180, "gst": 18, "qty": 2, "disc": 0, "taxable": 360.0, "gstAmt": 64.8, "amount": 424.8}]')::jsonb, true, false, 2955.0,0.0,0.0,531.9,0.1,3487.0, 'Cash', 3487.0, ('[{"date": "'||(current_date - 20)::text||'", "amount": 3487.0, "mode": "Cash"}]')::jsonb),
    (v_shop, 'INV-0013', current_date - 19, c4, 'Ramesh Kumar','','Chhattisgarh','9098765432','Lane 3, Civil Lines', ('[{"productId": "'||p9::text||'", "name": "Door Bell", "hsn": "8531", "price": 145, "gst": 18, "qty": 6, "disc": 0, "taxable": 870.0, "gstAmt": 156.6, "amount": 1026.6}, {"productId": "'||p1::text||'", "name": "Copper Wire 1.5mm", "hsn": "8544", "price": 850, "gst": 18, "qty": 1, "disc": 0, "taxable": 850.0, "gstAmt": 153.0, "amount": 1003.0}, {"productId": "'||p6::text||'", "name": "PVC Conduit Pipe 25mm", "hsn": "3917", "price": 60, "gst": 18, "qty": 8, "disc": 0, "taxable": 480.0, "gstAmt": 86.4, "amount": 566.4}]')::jsonb, false, false, 2200.0,198.0,198.0,0.0,0.0,2596.0, 'Cash', 2596.0, ('[{"date": "'||(current_date - 19)::text||'", "amount": 2596.0, "mode": "Cash"}]')::jsonb),
    (v_shop, 'INV-0014', current_date - 19, c2, 'Sharma Electricals','27ABCDE1234F1Z5','Maharashtra','9820011223','Shop 4, MIDC Road, Pune', ('[{"productId": "'||p5::text||'", "name": "MCB 16A Single Pole", "hsn": "8536", "price": 180, "gst": 18, "qty": 4, "disc": 0, "taxable": 720.0, "gstAmt": 129.6, "amount": 849.6}, {"productId": "'||p4::text||'", "name": "LED Bulb 9W", "hsn": "8539", "price": 75, "gst": 12, "qty": 15, "disc": 10, "taxable": 1012.5, "gstAmt": 121.5, "amount": 1134.0}, {"productId": "'||p6::text||'", "name": "PVC Conduit Pipe 25mm", "hsn": "3917", "price": 60, "gst": 18, "qty": 20, "disc": 0, "taxable": 1200.0, "gstAmt": 216.0, "amount": 1416.0}]')::jsonb, true, false, 2932.5,0.0,0.0,467.1,0.4,3400.0, 'Card', 3400.0, ('[{"date": "'||(current_date - 19)::text||'", "amount": 3400.0, "mode": "Card"}]')::jsonb),
    (v_shop, 'INV-0015', current_date - 18, c1, 'Bhilai Construction Co','22CDEFG3456H1Z7','Chhattisgarh','9826055667','Sector 6, Bhilai', ('[{"productId": "'||p8::text||'", "name": "Extension Board 4-way", "hsn": "8536", "price": 320, "gst": 18, "qty": 6, "disc": 5, "taxable": 1824.0, "gstAmt": 328.32, "amount": 2152.32}]')::jsonb, false, false, 1824.0,164.16,164.16,0.0,-0.32,2152.0, 'Cash', 2152.0, ('[{"date": "'||(current_date - 18)::text||'", "amount": 2152.0, "mode": "Cash"}]')::jsonb),
    (v_shop, 'INV-0016', current_date - 18, null, 'Walk-in Customer','','Chhattisgarh','','', ('[{"productId": "'||p9::text||'", "name": "Door Bell", "hsn": "8531", "price": 145, "gst": 18, "qty": 3, "disc": 0, "taxable": 435.0, "gstAmt": 78.3, "amount": 513.3}, {"productId": "'||p5::text||'", "name": "MCB 16A Single Pole", "hsn": "8536", "price": 180, "gst": 18, "qty": 2, "disc": 0, "taxable": 360.0, "gstAmt": 64.8, "amount": 424.8}]')::jsonb, false, false, 795.0,71.55,71.55,0.0,-0.1,938.0, 'UPI', 938.0, ('[{"date": "'||(current_date - 18)::text||'", "amount": 938.0, "mode": "UPI"}]')::jsonb),
    (v_shop, 'INV-0017', current_date - 17, c1, 'Bhilai Construction Co','22CDEFG3456H1Z7','Chhattisgarh','9826055667','Sector 6, Bhilai', ('[{"productId": "'||p9::text||'", "name": "Door Bell", "hsn": "8531", "price": 145, "gst": 18, "qty": 4, "disc": 0, "taxable": 580.0, "gstAmt": 104.4, "amount": 684.4}, {"productId": "'||p6::text||'", "name": "PVC Conduit Pipe 25mm", "hsn": "3917", "price": 60, "gst": 18, "qty": 8, "disc": 0, "taxable": 480.0, "gstAmt": 86.4, "amount": 566.4}, {"productId": "'||p3::text||'", "name": "Modular Switch 6A", "hsn": "8536", "price": 45, "gst": 18, "qty": 6, "disc": 10, "taxable": 243.0, "gstAmt": 43.74, "amount": 286.74}, {"productId": "'||p2::text||'", "name": "Copper Wire 2.5mm", "hsn": "8544", "price": 1320, "gst": 18, "qty": 2, "disc": 0, "taxable": 2640.0, "gstAmt": 475.2, "amount": 3115.2}]')::jsonb, false, false, 3943.0,354.87,354.87,0.0,0.26,4653.0, 'UPI', 4653.0, ('[{"date": "'||(current_date - 17)::text||'", "amount": 4653.0, "mode": "UPI"}]')::jsonb),
    (v_shop, 'INV-0018', current_date - 16, c4, 'Ramesh Kumar','','Chhattisgarh','9098765432','Lane 3, Civil Lines', ('[{"productId": "'||p8::text||'", "name": "Extension Board 4-way", "hsn": "8536", "price": 320, "gst": 18, "qty": 6, "disc": 10, "taxable": 1728.0, "gstAmt": 311.04, "amount": 2039.04}, {"productId": "'||p5::text||'", "name": "MCB 16A Single Pole", "hsn": "8536", "price": 180, "gst": 18, "qty": 5, "disc": 0, "taxable": 900.0, "gstAmt": 162.0, "amount": 1062.0}, {"productId": "'||p4::text||'", "name": "LED Bulb 9W", "hsn": "8539", "price": 75, "gst": 12, "qty": 6, "disc": 0, "taxable": 450.0, "gstAmt": 54.0, "amount": 504.0}]')::jsonb, false, false, 3078.0,263.52,263.52,0.0,-0.04,3605.0, 'Cash', 3605.0, ('[{"date": "'||(current_date - 16)::text||'", "amount": 3605.0, "mode": "Cash"}]')::jsonb),
    (v_shop, 'INV-0019', current_date - 16, c1, 'Bhilai Construction Co','22CDEFG3456H1Z7','Chhattisgarh','9826055667','Sector 6, Bhilai', ('[{"productId": "'||p1::text||'", "name": "Copper Wire 1.5mm", "hsn": "8544", "price": 850, "gst": 18, "qty": 3, "disc": 5, "taxable": 2422.5, "gstAmt": 436.05, "amount": 2858.55}, {"productId": "'||p9::text||'", "name": "Door Bell", "hsn": "8531", "price": 145, "gst": 18, "qty": 6, "disc": 0, "taxable": 870.0, "gstAmt": 156.6, "amount": 1026.6}, {"productId": "'||p5::text||'", "name": "MCB 16A Single Pole", "hsn": "8536", "price": 180, "gst": 18, "qty": 2, "disc": 5, "taxable": 342.0, "gstAmt": 61.56, "amount": 403.56}]')::jsonb, false, false, 3634.5,327.11,327.11,0.0,0.29,4289.0, 'Cash', 4289.0, ('[{"date": "'||(current_date - 16)::text||'", "amount": 4289.0, "mode": "Cash"}]')::jsonb),
    (v_shop, 'INV-0020', current_date - 16, c1, 'Bhilai Construction Co','22CDEFG3456H1Z7','Chhattisgarh','9826055667','Sector 6, Bhilai', ('[{"productId": "'||p4::text||'", "name": "LED Bulb 9W", "hsn": "8539", "price": 75, "gst": 12, "qty": 10, "disc": 0, "taxable": 750.0, "gstAmt": 90.0, "amount": 840.0}]')::jsonb, false, false, 750.0,45.0,45.0,0.0,0.0,840.0, 'Credit', 0.0, ('[]')::jsonb),
    (v_shop, 'INV-0021', current_date - 15, c2, 'Sharma Electricals','27ABCDE1234F1Z5','Maharashtra','9820011223','Shop 4, MIDC Road, Pune', ('[{"productId": "'||p7::text||'", "name": "Ceiling Fan 1200mm", "hsn": "8414", "price": 1650, "gst": 18, "qty": 3, "disc": 0, "taxable": 4950.0, "gstAmt": 891.0, "amount": 5841.0}, {"productId": "'||p8::text||'", "name": "Extension Board 4-way", "hsn": "8536", "price": 320, "gst": 18, "qty": 5, "disc": 0, "taxable": 1600.0, "gstAmt": 288.0, "amount": 1888.0}]')::jsonb, true, false, 6550.0,0.0,0.0,1179.0,0.0,7729.0, 'Cash', 7729.0, ('[{"date": "'||(current_date - 15)::text||'", "amount": 7729.0, "mode": "Cash"}]')::jsonb),
    (v_shop, 'INV-0022', current_date - 12, null, 'Walk-in Customer','','Chhattisgarh','','', ('[{"productId": "'||p3::text||'", "name": "Modular Switch 6A", "hsn": "8536", "price": 45, "gst": 18, "qty": 10, "disc": 0, "taxable": 450.0, "gstAmt": 81.0, "amount": 531.0}, {"productId": "'||p7::text||'", "name": "Ceiling Fan 1200mm", "hsn": "8414", "price": 1650, "gst": 18, "qty": 1, "disc": 0, "taxable": 1650.0, "gstAmt": 297.0, "amount": 1947.0}, {"productId": "'||p2::text||'", "name": "Copper Wire 2.5mm", "hsn": "8544", "price": 1320, "gst": 18, "qty": 1, "disc": 0, "taxable": 1320.0, "gstAmt": 237.6, "amount": 1557.6}, {"productId": "'||p9::text||'", "name": "Door Bell", "hsn": "8531", "price": 145, "gst": 18, "qty": 6, "disc": 0, "taxable": 870.0, "gstAmt": 156.6, "amount": 1026.6}]')::jsonb, false, false, 4290.0,386.1,386.1,0.0,-0.2,5062.0, 'Cash', 5062.0, ('[{"date": "'||(current_date - 12)::text||'", "amount": 5062.0, "mode": "Cash"}]')::jsonb),
    (v_shop, 'INV-0023', current_date - 11, c3, 'Gupta Hardware','','Chhattisgarh','9011223344','Main Market, Durg', ('[{"productId": "'||p7::text||'", "name": "Ceiling Fan 1200mm", "hsn": "8414", "price": 1650, "gst": 18, "qty": 1, "disc": 10, "taxable": 1485.0, "gstAmt": 267.3, "amount": 1752.3}, {"productId": "'||p8::text||'", "name": "Extension Board 4-way", "hsn": "8536", "price": 320, "gst": 18, "qty": 2, "disc": 0, "taxable": 640.0, "gstAmt": 115.2, "amount": 755.2}, {"productId": "'||p9::text||'", "name": "Door Bell", "hsn": "8531", "price": 145, "gst": 18, "qty": 5, "disc": 10, "taxable": 652.5, "gstAmt": 117.45, "amount": 769.95}, {"productId": "'||p6::text||'", "name": "PVC Conduit Pipe 25mm", "hsn": "3917", "price": 60, "gst": 18, "qty": 8, "disc": 0, "taxable": 480.0, "gstAmt": 86.4, "amount": 566.4}]')::jsonb, false, false, 3257.5,293.18,293.18,0.0,0.15,3844.0, 'Cash', 3844.0, ('[{"date": "'||(current_date - 11)::text||'", "amount": 3844.0, "mode": "Cash"}]')::jsonb),
    (v_shop, 'INV-0024', current_date - 10, c3, 'Gupta Hardware','','Chhattisgarh','9011223344','Main Market, Durg', ('[{"productId": "'||p9::text||'", "name": "Door Bell", "hsn": "8531", "price": 145, "gst": 18, "qty": 3, "disc": 0, "taxable": 435.0, "gstAmt": 78.3, "amount": 513.3}]')::jsonb, false, false, 435.0,39.15,39.15,0.0,-0.3,513.0, 'Card', 513.0, ('[{"date": "'||(current_date - 10)::text||'", "amount": 513.0, "mode": "Card"}]')::jsonb),
    (v_shop, 'INV-0025', current_date - 10, null, 'Walk-in Customer','','Chhattisgarh','','', ('[{"productId": "'||p8::text||'", "name": "Extension Board 4-way", "hsn": "8536", "price": 320, "gst": 18, "qty": 5, "disc": 0, "taxable": 1600.0, "gstAmt": 288.0, "amount": 1888.0}, {"productId": "'||p4::text||'", "name": "LED Bulb 9W", "hsn": "8539", "price": 75, "gst": 12, "qty": 6, "disc": 0, "taxable": 450.0, "gstAmt": 54.0, "amount": 504.0}]')::jsonb, false, false, 2050.0,171.0,171.0,0.0,0.0,2392.0, 'Cash', 2392.0, ('[{"date": "'||(current_date - 10)::text||'", "amount": 2392.0, "mode": "Cash"}]')::jsonb),
    (v_shop, 'INV-0026', current_date - 8, null, 'Walk-in Customer','','Chhattisgarh','','', ('[{"productId": "'||p4::text||'", "name": "LED Bulb 9W", "hsn": "8539", "price": 75, "gst": 12, "qty": 4, "disc": 10, "taxable": 270.0, "gstAmt": 32.4, "amount": 302.4}, {"productId": "'||p1::text||'", "name": "Copper Wire 1.5mm", "hsn": "8544", "price": 850, "gst": 18, "qty": 1, "disc": 0, "taxable": 850.0, "gstAmt": 153.0, "amount": 1003.0}]')::jsonb, false, false, 1120.0,92.7,92.7,0.0,-0.4,1305.0, 'Cash', 1305.0, ('[{"date": "'||(current_date - 8)::text||'", "amount": 1305.0, "mode": "Cash"}]')::jsonb),
    (v_shop, 'INV-0027', current_date - 6, null, 'Walk-in Customer','','Chhattisgarh','','', ('[{"productId": "'||p2::text||'", "name": "Copper Wire 2.5mm", "hsn": "8544", "price": 1320, "gst": 18, "qty": 3, "disc": 0, "taxable": 3960.0, "gstAmt": 712.8, "amount": 4672.8}]')::jsonb, false, false, 3960.0,356.4,356.4,0.0,0.2,4673.0, 'Credit', 1402, ('[{"date": "'||(current_date - 6)::text||'", "amount": 1402, "mode": "Cash"}]')::jsonb),
    (v_shop, 'INV-0028', current_date - 6, c2, 'Sharma Electricals','27ABCDE1234F1Z5','Maharashtra','9820011223','Shop 4, MIDC Road, Pune', ('[{"productId": "'||p9::text||'", "name": "Door Bell", "hsn": "8531", "price": 145, "gst": 18, "qty": 6, "disc": 10, "taxable": 783.0, "gstAmt": 140.94, "amount": 923.94}, {"productId": "'||p7::text||'", "name": "Ceiling Fan 1200mm", "hsn": "8414", "price": 1650, "gst": 18, "qty": 1, "disc": 10, "taxable": 1485.0, "gstAmt": 267.3, "amount": 1752.3}, {"productId": "'||p2::text||'", "name": "Copper Wire 2.5mm", "hsn": "8544", "price": 1320, "gst": 18, "qty": 2, "disc": 0, "taxable": 2640.0, "gstAmt": 475.2, "amount": 3115.2}]')::jsonb, true, false, 4908.0,0.0,0.0,883.44,-0.44,5791.0, 'Credit', 0.0, ('[]')::jsonb),
    (v_shop, 'INV-0029', current_date - 6, c4, 'Ramesh Kumar','','Chhattisgarh','9098765432','Lane 3, Civil Lines', ('[{"productId": "'||p4::text||'", "name": "LED Bulb 9W", "hsn": "8539", "price": 75, "gst": 12, "qty": 6, "disc": 0, "taxable": 450.0, "gstAmt": 54.0, "amount": 504.0}]')::jsonb, false, false, 450.0,27.0,27.0,0.0,0.0,504.0, 'UPI', 504.0, ('[{"date": "'||(current_date - 6)::text||'", "amount": 504.0, "mode": "UPI"}]')::jsonb),
    (v_shop, 'INV-0030', current_date - 5, c2, 'Sharma Electricals','27ABCDE1234F1Z5','Maharashtra','9820011223','Shop 4, MIDC Road, Pune', ('[{"productId": "'||p3::text||'", "name": "Modular Switch 6A", "hsn": "8536", "price": 45, "gst": 18, "qty": 8, "disc": 0, "taxable": 360.0, "gstAmt": 64.8, "amount": 424.8}, {"productId": "'||p1::text||'", "name": "Copper Wire 1.5mm", "hsn": "8544", "price": 850, "gst": 18, "qty": 1, "disc": 0, "taxable": 850.0, "gstAmt": 153.0, "amount": 1003.0}, {"productId": "'||p5::text||'", "name": "MCB 16A Single Pole", "hsn": "8536", "price": 180, "gst": 18, "qty": 4, "disc": 0, "taxable": 720.0, "gstAmt": 129.6, "amount": 849.6}]')::jsonb, true, false, 1930.0,0.0,0.0,347.4,-0.4,2277.0, 'Cash', 2277.0, ('[{"date": "'||(current_date - 5)::text||'", "amount": 2277.0, "mode": "Cash"}]')::jsonb),
    (v_shop, 'INV-0031', current_date - 4, null, 'Walk-in Customer','','Chhattisgarh','','', ('[{"productId": "'||p3::text||'", "name": "Modular Switch 6A", "hsn": "8536", "price": 45, "gst": 18, "qty": 15, "disc": 0, "taxable": 675.0, "gstAmt": 121.5, "amount": 796.5}, {"productId": "'||p8::text||'", "name": "Extension Board 4-way", "hsn": "8536", "price": 320, "gst": 18, "qty": 6, "disc": 0, "taxable": 1920.0, "gstAmt": 345.6, "amount": 2265.6}, {"productId": "'||p1::text||'", "name": "Copper Wire 1.5mm", "hsn": "8544", "price": 850, "gst": 18, "qty": 1, "disc": 10, "taxable": 765.0, "gstAmt": 137.7, "amount": 902.7}, {"productId": "'||p6::text||'", "name": "PVC Conduit Pipe 25mm", "hsn": "3917", "price": 60, "gst": 18, "qty": 8, "disc": 10, "taxable": 432.0, "gstAmt": 77.76, "amount": 509.76}]')::jsonb, false, false, 3792.0,341.28,341.28,0.0,0.44,4475.0, 'Card', 4475.0, ('[{"date": "'||(current_date - 4)::text||'", "amount": 4475.0, "mode": "Card"}]')::jsonb),
    (v_shop, 'INV-0032', current_date - 2, null, 'Walk-in Customer','','Chhattisgarh','','', ('[{"productId": "'||p7::text||'", "name": "Ceiling Fan 1200mm", "hsn": "8414", "price": 1650, "gst": 18, "qty": 1, "disc": 0, "taxable": 1650.0, "gstAmt": 297.0, "amount": 1947.0}, {"productId": "'||p8::text||'", "name": "Extension Board 4-way", "hsn": "8536", "price": 320, "gst": 18, "qty": 6, "disc": 5, "taxable": 1824.0, "gstAmt": 328.32, "amount": 2152.32}, {"productId": "'||p2::text||'", "name": "Copper Wire 2.5mm", "hsn": "8544", "price": 1320, "gst": 18, "qty": 2, "disc": 10, "taxable": 2376.0, "gstAmt": 427.68, "amount": 2803.68}, {"productId": "'||p3::text||'", "name": "Modular Switch 6A", "hsn": "8536", "price": 45, "gst": 18, "qty": 12, "disc": 0, "taxable": 540.0, "gstAmt": 97.2, "amount": 637.2}]')::jsonb, false, false, 6390.0,575.1,575.1,0.0,-0.2,7540.0, 'Credit', 0.0, ('[]')::jsonb),
    (v_shop, 'INV-0033', current_date - 2, null, 'Walk-in Customer','','Chhattisgarh','','', ('[{"productId": "'||p9::text||'", "name": "Door Bell", "hsn": "8531", "price": 145, "gst": 18, "qty": 2, "disc": 0, "taxable": 290.0, "gstAmt": 52.2, "amount": 342.2}, {"productId": "'||p8::text||'", "name": "Extension Board 4-way", "hsn": "8536", "price": 320, "gst": 18, "qty": 2, "disc": 0, "taxable": 640.0, "gstAmt": 115.2, "amount": 755.2}]')::jsonb, false, false, 930.0,83.7,83.7,0.0,-0.4,1097.0, 'Credit', 0.0, ('[]')::jsonb),
    (v_shop, 'INV-0034', current_date - 2, c1, 'Bhilai Construction Co','22CDEFG3456H1Z7','Chhattisgarh','9826055667','Sector 6, Bhilai', ('[{"productId": "'||p7::text||'", "name": "Ceiling Fan 1200mm", "hsn": "8414", "price": 1650, "gst": 18, "qty": 1, "disc": 10, "taxable": 1485.0, "gstAmt": 267.3, "amount": 1752.3}, {"productId": "'||p8::text||'", "name": "Extension Board 4-way", "hsn": "8536", "price": 320, "gst": 18, "qty": 2, "disc": 10, "taxable": 576.0, "gstAmt": 103.68, "amount": 679.68}, {"productId": "'||p5::text||'", "name": "MCB 16A Single Pole", "hsn": "8536", "price": 180, "gst": 18, "qty": 6, "disc": 0, "taxable": 1080.0, "gstAmt": 194.4, "amount": 1274.4}, {"productId": "'||p3::text||'", "name": "Modular Switch 6A", "hsn": "8536", "price": 45, "gst": 18, "qty": 20, "disc": 10, "taxable": 810.0, "gstAmt": 145.8, "amount": 955.8}]')::jsonb, false, false, 3951.0,355.59,355.59,0.0,-0.18,4662.0, 'UPI', 4662.0, ('[{"date": "'||(current_date - 2)::text||'", "amount": 4662.0, "mode": "UPI"}]')::jsonb),
    (v_shop, 'INV-0035', current_date - 0, c2, 'Sharma Electricals','27ABCDE1234F1Z5','Maharashtra','9820011223','Shop 4, MIDC Road, Pune', ('[{"productId": "'||p1::text||'", "name": "Copper Wire 1.5mm", "hsn": "8544", "price": 850, "gst": 18, "qty": 1, "disc": 0, "taxable": 850.0, "gstAmt": 153.0, "amount": 1003.0}]')::jsonb, true, false, 850.0,0.0,0.0,153.0,0.0,1003.0, 'Cash', 1003.0, ('[{"date": "'||(current_date - 0)::text||'", "amount": 1003.0, "mode": "Cash"}]')::jsonb),
    (v_shop, 'INV-0036', current_date - 0, c1, 'Bhilai Construction Co','22CDEFG3456H1Z7','Chhattisgarh','9826055667','Sector 6, Bhilai', ('[{"productId": "'||p5::text||'", "name": "MCB 16A Single Pole", "hsn": "8536", "price": 180, "gst": 18, "qty": 3, "disc": 0, "taxable": 540.0, "gstAmt": 97.2, "amount": 637.2}, {"productId": "'||p8::text||'", "name": "Extension Board 4-way", "hsn": "8536", "price": 320, "gst": 18, "qty": 4, "disc": 0, "taxable": 1280.0, "gstAmt": 230.4, "amount": 1510.4}, {"productId": "'||p6::text||'", "name": "PVC Conduit Pipe 25mm", "hsn": "3917", "price": 60, "gst": 18, "qty": 15, "disc": 0, "taxable": 900.0, "gstAmt": 162.0, "amount": 1062.0}, {"productId": "'||p3::text||'", "name": "Modular Switch 6A", "hsn": "8536", "price": 45, "gst": 18, "qty": 15, "disc": 10, "taxable": 607.5, "gstAmt": 109.35, "amount": 716.85}]')::jsonb, false, false, 3327.5,299.48,299.48,0.0,-0.45,3926.0, 'Credit', 0.0, ('[]')::jsonb),
    (v_shop, 'INV-0037', current_date - 0, c2, 'Sharma Electricals','27ABCDE1234F1Z5','Maharashtra','9820011223','Shop 4, MIDC Road, Pune', ('[{"productId": "'||p8::text||'", "name": "Extension Board 4-way", "hsn": "8536", "price": 320, "gst": 18, "qty": 4, "disc": 10, "taxable": 1152.0, "gstAmt": 207.36, "amount": 1359.36}, {"productId": "'||p7::text||'", "name": "Ceiling Fan 1200mm", "hsn": "8414", "price": 1650, "gst": 18, "qty": 1, "disc": 10, "taxable": 1485.0, "gstAmt": 267.3, "amount": 1752.3}]')::jsonb, true, false, 2637.0,0.0,0.0,474.66,0.34,3112.0, 'UPI', 3112.0, ('[{"date": "'||(current_date - 0)::text||'", "amount": 3112.0, "mode": "UPI"}]')::jsonb),
    (v_shop, 'INV-0038', current_date - 0, c1, 'Bhilai Construction Co','22CDEFG3456H1Z7','Chhattisgarh','9826055667','Sector 6, Bhilai', ('[{"productId": "'||p1::text||'", "name": "Copper Wire 1.5mm", "hsn": "8544", "price": 850, "gst": 18, "qty": 3, "disc": 0, "taxable": 2550.0, "gstAmt": 459.0, "amount": 3009.0}, {"productId": "'||p6::text||'", "name": "PVC Conduit Pipe 25mm", "hsn": "3917", "price": 60, "gst": 18, "qty": 4, "disc": 0, "taxable": 240.0, "gstAmt": 43.2, "amount": 283.2}]')::jsonb, false, false, 2790.0,251.1,251.1,0.0,-0.2,3292.0, 'Credit', 1646, ('[{"date": "'||(current_date - 0)::text||'", "amount": 1646, "mode": "Cash"}]')::jsonb);

  -- reduce stock by quantities sold above
  update public.products set stock = stock - 15 where id = p1;
  update public.products set stock = stock - 47 where id = p5;
  update public.products set stock = stock - 67 where id = p8;
  update public.products set stock = stock - 144 where id = p6;
  update public.products set stock = stock - 164 where id = p3;
  update public.products set stock = stock - 15 where id = p7;
  update public.products set stock = stock - 18 where id = p2;
  update public.products set stock = stock - 54 where id = p9;
  update public.products set stock = stock - 71 where id = p4;

  update public.shops set next_invoice_no = 39 where id = v_shop;
  raise notice 'Alwa Sales sample data loaded: % invoices', 38;
end $$;
